S.No.,image,height,width,Channels,Avg Blue,Avg Red,Avg Green
1,safe-39.jpeg,640,960,3,123.36929036458325,126.74600748697917,132.31971028645833
2,safe-355.jpg,323,430,3,96.49530563755484,104.73024695802441,122.91565987472099
3,safe-173.jpg,427,570,3,71.69707054521554,103.4092690743251,129.56708574715475
4,harm-448.jpg,333,640,3,219.69507319819826,220.50344876126118,226.77943881381333
5,harm-272.jpg,540,347,3,229.51922296936812,235.67397267584684,239.25995303661077
6,harm-427.jpg,500,640,3,213.20854375000022,212.70630937500027,212.07862812500017
7,harm-397.jpg,500,640,3,228.41932812499903,227.79723749999926,228.39809687499928
8,safe-312.jpg,640,640,3,161.64679443359378,200.98756347656274,220.395654296875
9,harm-205.jpg,425,640,3,217.08572426470604,227.9878308823535,230.74898529411826
10,safe-34.jpeg,480,480,3,82.85439236111111,101.67025607638897,120.20988715277784
11,harm-417.jpg,447,640,3,213.3534395973154,214.57203229865786,227.13790897650998
12,harm-396.jpg,259,640,3,204.82664092664078,208.6511824324322,211.29533663127376
13,safe-294.jpg,3024,4032,3,128.82636854896265,143.37073173212193,148.42277889647352
14,safe-209.jpg,250,250,3,207.8528,215.88731200000004,223.2390559999999
15,harm-483.png,270,480,3,98.15945987654318,160.01498456790125,204.12123456790138
16,harm-167.jpg,600,400,3,115.7659291666667,173.75816666666668,223.3695416666668
17,safe-118.jpg,388,612,3,166.3079265211238,190.62522741055164,217.73988444174938
18,safe-236.jpg,2848,4288,3,118.87477891004927,119.86350414142417,134.14563727294865
19,safe-46.jpg,800,1200,3,130.65821354166678,147.19381770833314,171.47688645833364
20,safe-283.jpg,1131,1698,3,168.35884678391102,179.37982220722552,205.30341567913135
21,safe-145.jpg,1050,684,3,123.55220969089397,111.95407964355309,106.64006404901136
22,harm-494.png,1001,1001,3,129.62490656196942,131.06864963208622,136.6668775779664
23,harm-267.jpg,540,347,3,233.73683424058166,235.98644999466433,237.53196712562823
24,harm-265.jpg,389,640,3,220.156575353471,222.10706940874107,222.34332021208314
25,harm-307.jpg,447,640,3,213.57052223154406,212.44460640380362,234.41888632550376
26,harm-178.jpg,447,640,3,212.8149084172263,219.1791666666672,228.07854795861326
27,safe-257.jpg,1365,2048,3,129.79271620306767,143.08636425423543,149.9499581473215
28,harm-224.jpg,447,640,3,225.2477209172269,228.84902474832285,220.64607802013506
29,harm-63.jpg,264,468,3,60.12037846412847,84.89971833721839,129.8011363636364
30,safe-123.jpg,220,330,3,94.33093663911849,102.52786501377408,140.507038567493
31,safe-90.jpg,957,1300,3,97.42891487822517,118.54124748814415,154.33272727272734
32,safe-313.jpg,640,640,3,181.4262377929688,203.73320068359365,221.72096191406231
33,harm-12.jpeg,194,259,3,139.45543923894428,155.04046093221334,169.72600804044106
34,safe-346.jpg,360,522,3,215.9358876117498,219.57040229885033,228.83252979991477
35,safe-241.jpg,387,900,3,192.7645219638244,191.43875681883432,185.23351995406244
36,harm-438.jpg,228,640,3,221.36678316885946,220.8419956140351,220.89124177631575
37,safe-259.jpg,408,612,3,131.34626505831105,148.71405629245163,167.38253716519284
38,safe-252.jpg,810,1080,3,117.45843049839976,132.22118312757192,145.80014974851403
39,harm-128.jpg,417,626,3,63.62109545590367,72.25521946659929,91.4972303307514
40,harm-432.jpg,540,607,3,220.73003538959145,221.6334858746729,220.5746720361226
41,harm-79.jpg,447,640,3,220.5652369966448,227.01298937360198,231.76755453020183
42,safe-82.jpg,756,1008,3,103.07142725917511,121.64064599605268,160.07504514151353
43,safe-391.jpg,1000,1000,3,51.888471,108.005568,159.225753
44,harm-362.jpg,768,768,3,211.13664584689676,214.91982354058158,214.67907375759543
45,safe-300.jpg,644,644,3,160.61147091161618,194.91206936460804,215.1997149994211
46,harm-250.jpg,487,640,3,215.8220001283368,219.89735626283363,222.76581429671432
47,harm-449.jpg,391,640,3,199.761173273658,201.67952765345342,213.70081921355523
48,safe-144.jpg,400,600,3,96.64824583333325,126.5414874999998,169.69717083333333
49,harm-150.jpg,445,640,3,189.00059691011234,201.78740870786504,213.95667134831493
50,safe-58.jpg,810,1080,3,108.33857110196605,127.93142661179691,139.96795153177874
51,harm-99.jpg,956,1300,3,73.94205262310903,78.04966768587066,84.79256115223673
52,safe-427.png,320,480,3,166.13585937500017,173.4352604166666,184.8876497395833
53,safe-250.jpg,720,1280,3,82.4848567708332,102.87488932291663,103.21308268229159
54,harm-243.jpg,444,640,3,238.59433417792866,238.55173493806356,239.26380208333399
55,safe-442.png,1157,1600,3,157.94166000432136,154.29454948141768,156.27656763180653
56,harm-101.jpg,956,1300,3,168.02712182169296,157.82356935951074,163.42286852269072
57,safe-270.jpg,956,1300,3,117.30592130672667,127.86332314129388,154.77389925973628
58,safe-371.jpg,670,1072,3,128.59785865448896,161.1089162396971,182.39176041434615
59,safe-356.jpg,500,375,3,126.84491200000001,137.9841813333334,143.1830346666666
60,harm-120.jpg,447,640,3,210.5673063478751,210.64574594519067,222.51094099552603
61,harm-159.jpg,540,392,3,229.34556878307,229.35164871504278,229.35160147392412
62,safe-363.jpg,667,1000,3,97.804016491754,125.06127736131927,163.1138395802099
63,safe-42.jpeg,500,375,3,123.81102400000006,140.12515199999999,159.36907733333317
64,harm-348.jpg,494,640,3,236.54899734311712,237.50241017206446,238.20823317307676
65,safe-151.jpg,1001,1500,3,130.44008058608065,156.28616783216802,191.86181884781854
66,harm-54.jpg,445,640,3,233.92554424157402,228.75138342696695,223.27969452247285
67,safe-440.png,563,985,3,52.92960121178239,58.06913831811096,75.81102325287848
68,safe-449.png,2000,2000,3,108.34130075000014,134.5665457500002,163.79178324999995
69,harm-235.jpg,447,640,3,227.63463017337887,222.0522371364661,214.3951796700234
70,safe-95.jpg,811,1080,3,99.44219185276516,110.1526008128968,128.1839898159564
71,harm-164.jpg,435,640,3,237.56958692528738,238.00519396551687,238.80172413793102
72,harm-165.jpg,447,640,3,199.59160025167773,209.02205676733766,212.60276146532436
73,safe-25.jpeg,800,800,3,167.9477968750002,174.80444843749973,188.0677859374998
74,safe-3.jpeg,4032,3024,3,121.96105929350927,139.12478306812702,156.62942787068553
75,harm-402.jpg,447,640,3,204.114017058167,214.6660269854602,214.24611996644458
76,safe-343.jpg,360,542,3,148.9929581795819,155.71690754407535,196.53209819598197
77,harm-477.png,850,850,3,223.91501176470595,224.81946712802784,230.46065743944638
78,harm-203.jpg,495,640,3,235.89438762626236,235.16659406565628,244.0855492424238
79,safe-94.jpg,1080,810,3,111.30123342478288,125.07247370827618,145.26099679926838
80,harm-356.jpg,447,640,3,226.87970497762905,226.75658207494422,226.27620246085036
81,safe-216.jpg,408,612,3,112.34610486351396,121.3332692554145,159.35290112777122
82,safe-361.jpg,519,1000,3,184.28635260115595,203.0203872832371,214.455668593449
83,harm-300.jpg,447,640,3,225.65902544742835,230.98891918344648,231.35341163311097
84,harm-344.jpg,447,640,3,234.90885416666865,234.5949419742749,234.03162402125471
85,safe-172.jpg,428,570,3,106.54324479422858,115.62445482866039,123.44065830464007
86,harm-343.jpg,447,640,3,228.0335081096195,226.6707704138699,229.024605005593
87,safe-205.jpg,360,640,3,90.11284722222223,107.5534418402777,109.31630208333327
88,harm-221.jpg,415,640,3,209.76306852409638,211.69696912650565,212.33619728915613
89,safe-140.jpg,360,640,3,150.85873697916662,175.2259939236113,197.17866753472245
90,harm-260.jpg,1444,1444,3,246.1689702734012,239.75401028997635,242.65812206014326
91,safe-263.jpg,200,200,3,156.1518,168.40390000000002,168.711625
92,harm-9.jpeg,1326,1920,3,89.61586302790359,121.92535193564608,160.59598848353463
93,harm-227.jpg,540,343,3,235.85505884893573,236.65315840621898,237.21896663427196
94,safe-100.jpg,956,1300,3,148.88749678146115,145.8692331831347,144.25493562922446
95,harm-21.jpg,446,640,3,169.7587724215246,199.15478909753344,208.44091577914773
96,safe-196.jpg,439,612,3,137.18772611550324,162.79385338038028,185.29768338618672
97,safe-366.jpg,894,894,3,170.88555570569878,181.23490058005382,222.15614662002181
98,safe-387.jpg,250,333,3,83.53777777777783,106.14529729729742,121.06718318318326
99,safe-289.jpg,333,500,3,129.6808348348348,146.7186366366367,161.46180780780765
100,safe-349.jpg,3024,4032,3,151.1373231246594,175.7722882941761,192.32057306429556
101,safe-350.jpg,667,1000,3,109.66174812593705,122.87098650674673,140.4927646176912
102,harm-245.jpg,428,640,3,193.2642377336447,201.70706045560732,227.34818925233762
103,safe-238.jpg,957,1300,3,173.43168957479315,175.59378747689095,192.49816091954042
104,safe-408.png,1946,1946,3,145.00714143118034,128.9874243315669,122.9063757949742
105,safe-162.jpg,800,800,3,150.22650312500002,183.01225625000006,194.95522187499972
106,harm-192.jpg,540,458,3,227.50511483098907,220.76611272844966,222.94879912663825
107,harm-74.jpg,447,640,3,232.09370805369116,233.07816694630895,233.41647091722615
108,safe-44.jpg,608,1080,3,98.48013827972709,121.98137640107213,130.0461242080897
109,safe-471.png,370,750,3,121.89044684684688,148.5163099099098,160.74840000000032
110,harm-194.jpg,540,603,3,209.74495731220415,210.37218844051355,240.9922271359252
111,harm-305.jpg,468,640,3,209.0574385683759,208.9166165865382,236.5880542200852
112,safe-266.jpg,450,675,3,106.74354238683127,122.41794567901238,145.963627983539
113,safe-245.jpg,250,250,3,203.28318400000018,201.96140799999986,216.374352
114,safe-369.jpg,1400,1890,3,127.80732350718064,132.66474829931988,138.8868809523809
115,harm-236.jpg,731,1300,3,120.21821740503005,124.44060717668116,126.09352730716621
116,harm-58.jpg,452,640,3,204.15472206858476,204.3518459623901,201.19765279314248
117,safe-141.jpg,530,800,3,127.97306132075497,141.0190448113208,159.4948325471699
118,safe-171.jpg,270,340,3,177.2731808278868,197.26883442265796,200.48538126361655
119,safe-28.jpeg,400,400,3,137.82989999999995,154.63076875000004,160.44136875000007
120,safe-8.jpeg,1427,2560,3,127.37528687806602,141.82217063770162,140.8979986970039
121,safe-331.jpg,300,300,3,138.78285555555567,158.5535,186.9401444444444
122,harm-357.jpg,1390,873,3,120.80208328182799,123.25956966385667,129.33934501883024
123,safe-403.jpg,1000,1000,3,179.26686499999974,209.04744299999967,210.83698499999966
124,harm-41.jpg,676,894,3,206.77039401400552,210.66745595223918,216.24914618164476
125,safe-49.jpg,300,300,3,194.94006666666658,215.79203333333334,227.00360000000006
126,harm-290.jpg,683,1024,3,197.4416636163983,202.0333818516653,197.28385797950227
127,safe-229.jpg,1080,810,3,121.10995884773641,142.2212997256514,149.0021524919981
128,safe-192.jpg,483,724,3,112.60425174153247,122.36881884629912,152.75280532582957
129,safe-444.png,1158,1600,3,127.57200345423131,140.88126241364438,147.95937392055274
130,safe-242.jpg,2048,1639,3,81.98706486662981,99.79967718025473,138.65432160187234
131,harm-124.jpg,447,640,3,160.4503600391499,192.0836409395973,204.40246784116337
132,harm-123.jpg,533,640,3,220.70555522983076,220.63889833489665,220.7908595215756
133,harm-7.jpeg,400,400,3,213.90236875000014,220.63090000000008,227.1108562499999
134,harm-65.jpg,297,640,3,225.1361479377099,224.8878682659926,225.57850378787808
135,safe-477.png,1024,1024,3,231.26113891601562,237.89019680023193,229.04269409179688
136,safe-195.jpg,351,490,3,137.1446537589394,162.8852200709345,185.2781324495611
137,safe-432.png,768,768,3,165.15925937228747,170.36371866861973,176.13107808430985
138,safe-279.jpg,956,1300,3,84.00277116189261,106.13411087866109,117.80025828773734
139,safe-182.jpg,2434,3000,3,175.02691481785823,175.02186757052797,184.36141194193337
140,harm-249.jpg,452,640,3,237.76972137721273,237.32125967920402,236.84032425331915
141,harm-81.jpg,447,640,3,202.08759437919494,212.70122343400504,220.45640729865832
142,harm-491.png,409,544,3,97.40105440097798,97.40105440097798,97.40105440097798
143,safe-43.jpeg,1800,1800,3,93.07669259259269,108.38706419753085,127.6513660493826
144,harm-57.jpg,1600,1600,3,218.74571328125,223.39095703125028,228.58141796875017
145,safe-466.png,1228,1600,3,184.24886909609128,201.6257283184042,206.8531499389251
146,safe-378.jpg,841,894,3,164.56090677179364,201.28813040829715,202.9579080512971
147,harm-223.jpg,400,640,3,204.46703906250008,205.03757421874985,229.1735976562498
148,safe-460.png,750,750,3,174.6443555555555,178.966768,195.69531022222208
149,harm-474.png,417,626,3,40.86487998099923,58.95644379065431,92.01736502172061
150,harm-276.jpg,447,640,3,157.24956305928444,184.68519644854626,198.35400936800892
151,safe-265.jpg,323,430,3,96.23489092087263,122.22960616315075,130.38085535315707
152,safe-396.jpg,1000,1000,3,166.35407200000017,187.83635499999997,214.2805500000003
153,harm-461.png,1300,1300,3,176.068031952663,166.79838875739674,173.0517650887574
154,harm-384.jpg,733,655,3,135.6449954698355,171.0091561396749,185.38658238130444
155,harm-32.jpg,400,400,3,189.72273125000004,201.04941250000013,216.10420625000015
156,harm-222.jpg,500,640,3,236.78024687499988,236.6379531249998,236.66799374999997
157,safe-96.jpg,320,240,3,81.44782552083329,101.34897135416661,125.37729166666678
158,harm-244.jpg,438,640,3,200.65930008561656,218.6277040525108,230.42133276255632
159,safe-74.jpg,960,1920,3,118.98260959201369,155.19432074652772,174.22621907552065
160,harm-94.jpg,960,1280,3,184.91320963541665,184.91320312500005,184.91316406250002
161,safe-127.jpg,764,1023,3,184.4728534287309,241.0261754515256,248.65927131473518
162,harm-405.jpg,265,640,3,193.01185141509433,208.54224646226407,217.30041273584916
163,harm-45.jpg,920,1300,3,188.07066889632114,183.3956212374581,184.28559615384611
164,safe-29.jpeg,315,315,3,166.94447971781307,194.54186948853624,211.32717561098508
165,harm-210.jpg,540,520,3,222.65554131054213,223.57523148148186,223.2127172364676
166,safe-40.jpeg,640,640,3,113.74252685546867,125.59283691406245,134.53273681640619
167,safe-129.jpg,945,1300,3,169.2900952380953,175.9372372812374,183.64932519332538
168,harm-277.jpg,447,640,3,221.26004963646537,226.78953439597348,234.01676803691285
169,harm-334.jpg,954,1300,3,217.59237784228395,220.5232462506051,220.82226576358667
170,harm-157.jpg,540,629,3,201.16073131955542,229.0764058175827,237.7456014838374
171,safe-197.jpg,683,1024,3,160.89731509654095,179.54214231789877,182.69229702370043
172,harm-24.jpg,447,640,3,193.6434214205822,193.7733501118578,192.122242030202
173,safe-372.jpg,800,800,3,183.36076562500003,199.20968125000022,231.71522343749996
174,harm-398.jpg,447,640,3,217.5916736577189,216.74390380313292,218.1589031040275
175,harm-309.jpg,506,640,3,213.50972084980202,216.09617712450557,220.7489037796443
176,safe-429.png,1080,1620,3,82.2992335390947,87.3362494284407,157.3858064700504
177,safe-45.jpg,620,945,3,109.39190305512874,123.02413210445485,143.27401775046937
178,safe-303.jpg,400,300,3,134.90513333333342,145.84428333333324,160.78489999999996
179,safe-154.jpg,1000,1000,3,212.12661400000047,225.1570889999999,233.62953900000016
180,safe-401.jpg,866,1300,3,112.46520252265078,124.9979481257771,147.87578166637078
181,safe-351.jpg,600,800,3,141.52801041666663,219.9807270833335,243.88585208333333
182,safe-443.png,1157,1600,3,144.05857551858253,158.22771499567895,154.02685609334486
183,harm-242.jpg,447,640,3,225.82070399888153,226.14687849552587,226.21096895973173
184,harm-28.jpg,360,640,3,164.74409722222202,160.26240885416664,161.48935763888883
185,safe-295.jpg,1118,1300,3,163.34604995183716,172.76557451493076,179.77120476124958
186,harm-254.jpg,512,640,3,233.9787170410156,233.39641723632812,232.98973999023437
187,harm-211.jpg,447,640,3,211.5390555089485,214.94505732662188,216.96439807046994
188,safe-15.jpeg,980,1468,3,124.90287007173434,153.6824959684145,197.2850212700887
189,safe-75.jpg,600,600,3,230.57990555555554,199.57290277777784,187.85628611111125
190,safe-119.jpg,980,1473,3,82.90755018911828,120.97155811408085,152.9293687739864
191,harm-29.jpg,360,540,3,103.42170267489699,103.42170267489699,103.42170267489699
192,harm-371.jpg,1600,1125,3,153.7298200000001,160.48735277777746,156.3084105555556
193,harm-226.jpg,505,640,3,213.4167450495051,225.67318069306884,242.7180507425738
194,harm-493.png,1339,2000,3,77.848787901419,109.84054256908131,149.96706833457785
195,safe-458.png,324,576,3,91.46985918209873,122.35009430727028,150.13291966735267
196,safe-193.jpg,408,612,3,126.7495674740484,142.25800173010379,167.02113369857733
197,harm-138.jpg,540,627,3,213.9456790123466,218.72169354362418,222.41433929942795
198,harm-251.jpg,415,612,3,81.77455311441851,104.39731081187489,119.9660524450745
199,safe-459.png,339,509,3,116.20930043871083,122.88336202050414,134.4875486088172
200,safe-150.jpg,393,612,3,185.85099120224828,199.69070664737492,217.17806299788765
201,harm-406.jpg,885,590,3,88.36207411663315,146.22226946279812,197.2888327109069
202,safe-109.jpg,450,450,3,198.69211358024694,208.3102814814814,217.58934814814828
203,harm-105.jpg,957,1300,3,126.31233662888837,123.65045735873306,123.07698416525993
204,harm-266.jpg,360,480,3,102.9363368055556,102.36164351851842,101.48881944444447
205,safe-203.jpg,386,612,3,157.27164821023396,172.5362609637982,194.3157065935183
206,harm-44.jpg,356,450,3,246.51532459425763,242.14340823970028,241.06116104868917
207,harm-465.png,300,400,3,23.781075,122.73660833333346,172.01268333333323
208,safe-474.png,254,361,3,227.97673784544236,233.89673261063976,237.59466268240016
209,safe-32.jpeg,1800,1800,3,120.6633648148149,125.50225740740736,138.87203302469138
210,safe-131.jpg,3986,6016,3,103.76910322264875,108.48150604075678,137.7654809202556
211,safe-473.png,675,1080,3,152.54137174211257,166.81682304526763,196.2495308641976
212,harm-214.jpg,540,520,3,233.7019943019953,238.73539886040012,240.9523468660978
213,safe-180.jpg,2002,3000,3,143.50250849150862,154.684713286713,165.24724575424574
214,safe-364.jpg,1500,1500,3,159.21933999999996,196.71305422222215,219.09709022222256
215,harm-292.jpg,408,612,3,216.23789327822624,213.7509091054725,213.0833133089838
216,safe-310.jpg,403,612,3,139.69079534212366,159.16085648486032,172.87748341685725
217,harm-184.jpg,446,640,3,221.30596622757866,225.95472253363215,229.90399033071722
218,harm-47.jpg,401,640,3,222.2691084788048,223.1912990960118,225.60587203865526
219,safe-204.jpg,683,1024,3,222.82771178394964,228.82760168832357,247.9549651697473
220,harm-19.jpg,372,640,3,222.56968245967704,223.3970430107522,224.79934475806402
221,safe-26.jpeg,504,672,3,95.32169430272111,118.05149577192014,148.15165875377937
222,harm-233.jpg,540,561,3,239.67113949957135,240.2163200633796,241.56855152835607
223,harm-389.jpg,380,640,3,229.9986184210552,229.9817763157921,229.9817763157921
224,safe-112.jpg,1080,1080,3,162.57759687928646,171.1442455418383,182.21592421124828
225,harm-367.jpg,1225,1500,3,60.22794829931989,98.12260734693866,164.92228897959185
226,safe-370.jpg,403,660,3,88.53934506353866,164.62537784795836,199.75744040905323
227,safe-376.jpg,800,1200,3,198.49563750000007,200.15232812499963,199.60094270833306
228,safe-253.jpg,2434,3500,3,172.46411961497816,181.56389224087312,197.92735156708588
229,harm-162.jpg,447,640,3,225.2149818232662,227.67763562639811,223.97108151566016
230,safe-299.jpg,956,1300,3,131.32742999678143,153.51720148052766,171.2150249436754
231,safe-51.jpg,600,600,3,212.9197583333332,210.00458333333341,239.1240527777778
232,safe-81.jpg,471,700,3,166.54629966636315,182.88947224749782,191.71281468001203
233,harm-61.jpg,447,640,3,224.03324944071625,224.82202530760705,224.81221336689117
234,safe-50.jpg,600,600,3,211.51172222222223,242.14985555555546,246.9211583333333
235,harm-321.jpg,466,640,3,216.69357899678124,215.97954332081554,230.3381370708154
236,safe-54.jpg,1000,1000,3,127.84144399999992,146.76671799999994,163.2560270000001
237,safe-390.jpg,866,1300,3,105.39709362231302,118.58020962870847,147.2293400248713
238,harm-11.jpeg,174,200,3,166.40229885057462,170.27761494252866,178.98218390804607
239,safe-465.png,1690,1228,3,168.91241157990083,177.5192765453041,179.08227309523363
240,harm-122.jpg,535,640,3,241.62009637850323,241.58864485981184,241.7768341121483
241,harm-441.jpg,430,640,3,225.1453488372086,234.53378633720882,215.81723110465077
242,safe-5.jpeg,768,1024,3,92.13008499145505,122.36262766520181,145.41881434122712
243,safe-385.jpg,1000,1000,3,141.16168599999997,152.89080399999992,177.65993399999965
244,safe-65.jpg,540,540,3,168.74437928669388,208.6558882030178,209.89098079561026
245,harm-137.jpg,762,1300,3,161.32927013930933,167.77293660407835,171.992056329497
246,harm-352.jpg,447,640,3,236.30327880313249,236.50038101230433,236.57341303132003
247,safe-235.jpg,1281,1920,3,118.27478491738225,123.03704015417625,129.2570810564665
248,safe-137.jpg,428,642,3,113.63769397618418,129.6212223775004,130.81484190759014
249,safe-483.png,620,1109,3,116.28839116902749,167.42811745542338,199.7433942232178
250,harm-336.jpg,447,640,3,225.96076971476623,228.55435892058284,229.35099972035914
251,harm-13.jpeg,750,1124,3,76.24201186239621,88.03850415183861,99.54010557532621
252,harm-428.jpg,447,640,3,197.4043589205821,204.82974692393776,210.19719658836726
253,harm-232.jpg,466,640,3,216.65670936158807,215.94267368562228,230.30126743562238
254,safe-452.png,3000,3000,3,143.86402888888927,159.63450800000052,177.0921820000004
255,harm-22.jpg,540,520,3,230.36701923077112,231.43758903134093,244.29769943020125
256,safe-328.jpg,811,1080,3,117.80024204228903,134.71843289035021,139.42712243686356
257,safe-78.jpg,1000,1500,3,130.30671933333346,126.73511666666671,132.8338286666669
258,harm-234.jpg,447,640,3,224.99198126398224,223.60834032438447,223.45345357941795
259,safe-394.jpg,1632,1632,3,175.74996733527982,175.3864690713908,183.61160371011124
260,harm-282.jpg,469,612,3,202.5231824072913,205.26696001783802,205.6023419317974
261,safe-227.jpg,810,1080,3,132.71121970736175,150.50121513488784,157.7976474622772
262,safe-329.jpg,810,1080,3,117.44873571101964,121.22168609967987,140.70951188843185
263,harm-237.jpg,447,640,3,230.22112695749465,232.14086619127542,232.7732452460851
264,harm-444.jpg,447,640,3,237.54928691275282,237.1984165268469,236.6146847035803
265,safe-107.jpg,1390,866,3,135.83887716616547,119.53991891936803,117.29952730656127
266,harm-103.jpg,683,1024,3,102.225674585926,103.82244149203883,49.15681048682275
267,harm-425.jpg,486,640,3,191.49073752572025,192.87035751028804,195.17168852880658
268,harm-482.png,240,320,3,138.9663020833332,155.12036458333336,169.4951302083335
269,harm-145.jpg,447,640,3,200.78034815436305,196.8079383389266,197.55274049217053
270,harm-231.jpg,449,640,3,156.32976405902022,188.33407572383095,214.42397689309587
271,safe-156.jpg,956,1300,3,149.1483513035083,155.75369407788872,164.58458400386226
272,harm-154.jpg,450,640,3,226.53660416666563,226.24522569444352,222.50531249999918
273,safe-69.jpg,800,800,3,233.7428796875,212.78040312499982,193.14100468749984
274,safe-358.jpg,956,1300,3,120.29706469262943,111.47469665271964,121.9105141615708
275,safe-22.jpeg,499,750,3,120.93304208416824,126.25197327989301,128.69422578490315
276,safe-380.jpg,1093,1500,3,118.38571820677029,148.47195303446168,162.09115949984763
277,safe-292.jpg,620,1024,3,113.81679057459688,132.46073903729857,163.11289377520168
278,harm-349.jpg,521,640,3,217.83107905470303,225.49171065259156,236.6473938339735
279,harm-330.jpg,2968,5184,3,139.65482247886993,146.95051036935078,155.48873672569124
280,safe-450.png,576,768,3,91.46523256655094,98.72906720196751,106.28446677879059
281,safe-63.jpg,408,612,3,220.1290449186211,221.6903194284251,228.35699810970127
282,harm-25.jpg,433,640,3,232.24030744803645,235.50978276558808,237.16279590069195
283,safe-417.png,450,600,3,112.40429259259261,136.54854814814817,149.47231111111103
284,harm-423.jpg,447,640,3,209.07559423937428,211.24809144295392,209.01763842281966
285,harm-207.jpg,461,640,3,205.04180789045563,220.88347003796076,223.47502033622558
286,safe-353.jpg,450,600,3,99.09084444444441,131.87005185185183,128.1934518518519
287,harm-172.jpg,253,640,3,224.81098690711548,225.59260746047502,226.23748764822216
288,harm-346.jpg,447,640,3,182.8691904362414,182.39578789149874,192.92486017897093
289,harm-463.png,253,480,3,86.19119729907773,126.18969861660075,160.67878787878786
290,safe-359.jpg,956,1300,3,87.01986079819763,95.86215078854211,118.38863051174786
291,harm-385.jpg,1390,975,3,93.12912746725706,103.13111234089658,109.95456262682174
292,harm-447.jpg,540,348,3,235.30360791826416,227.01374521072907,219.31477756492197
293,harm-304.jpg,447,640,3,201.71058095637622,216.1202425894857,214.37272091722653
294,harm-155.jpg,500,640,3,237.1509687499985,237.60861874999887,236.38148749999854
295,harm-365.jpg,956,1300,3,123.43458802703576,142.39561876408106,160.07223768908918
296,harm-394.jpg,500,640,3,209.22531874999964,217.34901249999953,226.95254374999982
297,harm-426.jpg,447,640,3,207.0291841442952,223.97806208053694,228.45207983780762
298,safe-383.jpg,355,374,3,210.85062137531054,219.07921970324634,231.24623785493714
299,safe-410.png,760,570,3,185.23715143120964,173.32722068328732,204.91248384118205
300,safe-4.jpeg,3864,5152,3,127.53405560002815,130.46534944317975,138.1547801392531
301,harm-323.jpg,956,1300,3,199.58187399420638,200.92379385259082,201.27220550370143
302,safe-230.jpg,1080,648,3,112.95467678326465,138.8430226909008,156.54704075217208
303,harm-393.jpg,447,640,3,194.3209032438478,197.63408836689013,203.06265380313195
304,harm-80.jpg,447,640,3,162.24605005592827,184.56299636465315,190.93281949105125
305,harm-8.jpeg,320,320,3,178.40416015625004,181.90578125,178.38460937500005
306,harm-347.jpg,728,970,3,86.88720969751898,84.53866970658206,82.99703891469355
307,safe-233.jpg,810,1080,3,148.26701531778684,159.65163122999522,166.92233996342014
308,safe-340.jpg,360,511,3,217.97486953685595,229.58900304414007,239.0739454229181
309,safe-246.jpg,320,240,3,92.34201822916677,123.0619921875,138.6978385416666
310,safe-188.jpg,1081,1500,3,170.1323447425225,191.8220949737899,220.19664076472426
311,harm-190.jpg,533,640,3,220.71264657598513,220.65108173076965,220.73611632270212
312,safe-38.jpeg,300,675,3,101.62090370370358,101.06013333333333,145.80918518518516
313,harm-70.jpg,448,640,3,183.9356166294643,182.00938895089294,182.31725027901774
314,harm-403.jpg,447,640,3,199.5697147651005,209.22104306487694,210.78286143736
315,harm-275.jpg,327,640,3,214.95976204128442,219.86131020642216,223.9192851681957
316,safe-187.jpg,360,640,3,107.14064670138889,137.37779513888879,161.7337803819443
317,safe-11.jpeg,882,1572,3,133.78964719899827,121.96954570632312,128.98454458119127
318,safe-210.jpg,851,1024,3,214.16848973633952,196.3299530423764,167.37179719631303
319,harm-42.jpg,318,450,3,63.804870719776396,95.42479385045411,113.30600279524808
320,safe-322.jpg,700,1024,3,201.83630859375018,217.1128529575895,213.47936244419662
321,safe-251.jpg,320,450,3,131.11938194444454,138.30036111111107,156.16212500000003
322,safe-397.jpg,1000,1000,3,176.7756879999998,185.95024899999967,208.16622699999985
323,harm-204.jpg,447,640,3,220.58675545302071,231.45781949105216,233.401045162193
324,safe-463.png,800,800,3,157.37949999999992,174.2764171874999,179.75408593750007
325,harm-454.png,1161,1600,3,105.50067398794127,149.50356427648575,213.72401862618418
326,safe-388.jpg,866,1300,3,170.01107567951695,181.59558092023423,202.49589891632593
327,harm-337.jpg,444,640,3,234.96505489864876,231.03659909909894,224.671167652027
328,safe-128.jpg,400,600,3,133.7574958333333,149.2968499999999,169.99229583333337
329,safe-414.png,3000,2250,3,90.61360888888878,108.11310785185184,133.6361082962962
330,harm-230.jpg,540,347,3,209.84031913758153,217.07201942576597,225.4560465364501
331,safe-148.jpg,683,1024,3,125.20713276674594,144.9473070895862,177.14962424505828
332,safe-375.jpg,479,894,3,244.97284144353696,243.61663000378275,245.10235950175831
333,harm-289.jpg,583,612,3,237.3830704380083,241.06549961322472,243.57418244599273
334,harm-78.jpg,447,640,3,209.120333473155,220.98962178411693,227.4555998322152
335,safe-384.jpg,350,350,3,153.18755102040828,189.42404897959184,211.64751020408178
336,harm-283.jpg,408,612,3,130.40838459566817,144.72488946559017,184.49054049724464
337,safe-18.jpeg,284,177,3,100.91417999522558,128.8216957109892,151.43727619957022
338,harm-186.jpg,446,640,3,221.0323395459644,225.30076373318352,227.28890484865457
339,safe-470.png,1707,2560,3,123.57609933362626,125.095234695372,136.08356125512574
340,safe-430.png,778,768,3,84.1458082288989,116.4220206057198,141.1883234254499
341,safe-121.jpg,400,602,3,92.33456395348836,110.77210132890367,134.5580440199336
342,safe-317.jpg,1080,1080,3,197.17999828532209,200.73150977366274,205.1124605624141
343,safe-217.jpg,408,612,3,65.84029379725744,95.96491333461478,136.7923274702038
344,harm-176.jpg,447,640,3,210.9454418344523,210.97661143736053,221.59311381431797
345,harm-308.jpg,447,640,3,225.15407578299855,228.96007060962035,219.96370246085093
346,safe-91.jpg,666,1024,3,119.73263155733858,146.68490169857375,150.61962597362995
347,safe-138.jpg,1155,2048,3,125.50184616815473,156.38810369318162,172.76911695075728
348,harm-182.jpg,421,640,3,210.85211178741093,217.17259872327745,219.65400089073574
349,harm-114.jpg,500,640,3,235.6143874999987,235.6143874999987,235.6143874999987
350,harm-316.jpg,122,240,3,177.0415642076504,171.7512636612022,176.3568647540985
351,harm-325.jpg,954,1300,3,107.49057248830825,109.38963393001143,116.88667311723906
352,safe-447.png,490,600,3,95.47597278911554,115.50545238095239,121.14998979591837
353,safe-258.jpg,400,600,3,58.6684666666667,72.53043749999999,85.17468749999992
354,harm-49.jpg,540,348,3,204.10405491698592,200.78392401021713,202.09932950191555
355,safe-316.jpg,400,700,3,187.78291071428546,198.3690500000001,202.85541785714284
356,harm-133.jpg,523,728,3,62.522251171390785,73.37261519551195,81.16196184312814
357,harm-255.jpg,1200,900,3,51.19253796296298,55.33525833333333,65.88344166666674
358,harm-440.jpg,397,640,3,235.5501771095716,235.183158847607,235.23383973551623
359,harm-387.jpg,956,1300,3,190.03380511747665,180.3580511747668,94.46635178628898
360,harm-30.jpg,360,639,3,117.61041992696924,124.34273604590514,119.77950791166752
361,harm-331.jpg,618,1080,3,139.10929371928557,146.56376752966568,155.00442586599542
362,safe-261.jpg,493,910,3,118.44379555535745,127.16697055480027,131.3261373514922
363,harm-490.png,300,300,3,195.99898888888904,196.06854444444457,197.3206888888888
364,safe-431.png,540,540,3,185.2484362139919,189.21205761316872,202.54020233196147
365,safe-480.png,1200,900,3,120.00112500000016,137.5203064814815,148.50385462962967
366,safe-132.jpg,447,640,3,98.62876817673389,89.7533207494408,92.77997063758392
367,harm-240.jpg,441,640,3,225.54169855442166,225.34575184240344,234.27752267573732
368,safe-276.jpg,900,1200,3,133.69015833333304,158.0815157407405,174.62326851851853
369,harm-228.jpg,540,317,3,231.31947657436666,227.78170931183595,227.54739455543913
370,harm-317.jpg,447,640,3,180.28938408836694,197.13042855145437,207.40056277964237
371,safe-139.jpg,1366,2048,3,131.38373365723356,151.63909009539708,157.1577974154693
372,safe-126.jpg,1167,1600,3,186.15676949443022,197.56824764353016,197.9075508783201
373,harm-59.jpg,444,640,3,189.34363386824407,194.6366378096854,195.34969031531605
374,safe-395.jpg,250,188,3,95.49819148936169,113.6999574468086,123.46651063829788
375,harm-146.jpg,419,640,3,230.06902595465402,231.02615602625275,228.24340692124105
376,safe-462.png,700,960,3,112.5856547619048,127.0781056547618,150.8818139880949
377,harm-38.jpg,496,800,3,27.418860887096756,53.724861391129046,86.79520917338698
378,harm-98.jpg,533,800,3,123.94273452157594,127.66882504690413,126.02527908067549
379,safe-468.png,480,480,3,190.4814366319445,204.34150173611107,220.7598046875003
380,harm-111.jpg,445,640,3,232.22869030898875,231.0236165730334,241.76734550561778
381,harm-196.jpg,540,516,3,226.17543066322236,227.18393626184417,227.90061369509138
382,harm-171.jpg,447,640,3,220.90246085011216,225.13674496644325,235.1863779362417
383,safe-225.jpg,683,1024,3,88.1489379346631,114.69215118274158,142.25684880582003
384,harm-113.jpg,447,640,3,177.09115282438498,208.55511395413887,219.51982312639817
385,safe-103.jpg,649,900,3,125.41455915083031,130.42005136106823,130.3124653312789
386,harm-431.jpg,447,640,3,214.83869546979918,208.71542225950856,206.77920861297588
387,harm-181.jpg,464,640,3,219.6262257543098,220.16087015086137,220.78782664331834
388,harm-271.jpg,447,640,3,234.70996923937537,237.18955886465514,238.34842701342467
389,harm-369.jpg,447,640,3,213.02797469239377,212.61848783557053,212.65585151006727
390,safe-352.jpg,749,1000,3,119.54409212283052,135.67313484646186,176.3628598130841
391,safe-232.jpg,608,1080,3,91.18810154727095,130.93330439814818,138.72046479044826
392,safe-198.jpg,800,800,3,208.38112343750004,217.17809843750004,215.50402500000007
393,harm-95.jpg,836,1254,3,76.67697530581557,99.59129159894084,117.02770560045167
394,safe-244.jpg,956,1300,3,139.95262632764732,146.6656316382361,165.58113614419048
395,safe-425.png,768,768,3,233.22743225097648,222.91276041666663,203.69608900282114
396,harm-422.jpg,447,640,3,209.93771322707008,211.79861227628703,209.76907158836767
397,harm-478.png,1157,1600,3,82.44553262748488,131.17826544943816,169.44494868193578
398,harm-278.jpg,447,640,3,225.026586968681,230.69139751118655,231.80197846756218
399,safe-234.jpg,320,240,3,142.90036458333336,157.05934895833337,166.34427083333327
400,safe-111.jpg,1390,962,3,122.61555063641417,123.19844373981073,140.19909286707855
401,safe-412.png,1200,1800,3,161.83269305555592,181.42832453703696,197.87157638888903
402,harm-375.jpg,943,1500,3,114.1416486390952,131.15822340049493,144.97187698833517
403,harm-252.jpg,447,640,3,211.23376677852403,212.79952460850146,211.11936870805417
404,safe-416.png,1887,2326,3,130.23488971243253,146.86960198780534,188.166883564562
405,safe-31.jpeg,720,960,3,150.1043229166666,156.74833622685188,163.9446773726851
406,harm-306.jpg,540,520,3,229.76572293447435,229.5887642450154,230.40790242165383
407,harm-418.jpg,447,640,3,236.10258668903808,236.76315016778562,236.99660584451937
408,harm-142.jpg,446,640,3,214.002189602018,211.6943700952915,211.27140905269061
409,harm-467.png,1333,2000,3,214.7542378094525,215.72851087771934,207.5016462865714
410,safe-110.jpg,800,800,3,141.29144374999998,158.05066562500008,157.2263312500001
411,safe-407.jpg,1000,1000,3,141.16168599999997,152.89080399999992,177.65993399999965
412,harm-218.jpg,788,1050,3,119.95743292240779,146.17758883248734,175.86762871646118
413,harm-354.jpg,1080,1920,3,99.43908034336431,127.17572964891973,147.7659394290123
414,harm-339.jpg,1075,1300,3,204.3700801431125,215.96623542039356,232.18936529516986
415,safe-240.jpg,1125,1500,3,207.27531496296308,195.05388977777778,219.3103223703705
416,safe-467.png,960,1280,3,133.5002189127602,147.4258553059896,164.83170003255222
417,harm-93.jpg,447,640,3,208.56554460290891,214.55515240492218,218.61284605704753
418,harm-475.png,600,800,3,87.5129624999999,98.43269791666683,125.53863958333348
419,harm-404.jpg,447,640,3,199.565170581657,209.2117694351246,210.7821833053707
420,safe-368.jpg,1000,1000,3,197.04964299999963,207.86658799999947,218.02801199999942
421,safe-186.jpg,425,640,3,144.82905882352932,160.14438235294102,183.9467573529411
422,safe-68.jpg,1100,1100,3,151.52552644628082,170.47529173553698,189.42035702479333
423,harm-52.jpg,445,640,3,204.90525983146068,208.41679424157297,212.70341643258425
424,harm-14.jpeg,573,1000,3,139.51356020942416,146.92979930191964,155.39903490401394
425,safe-13.jpeg,1995,3000,3,124.68079983291581,130.25013500417697,148.14013233082687
426,harm-285.jpg,408,612,3,81.57972895040362,92.1235302127387,105.54630030116616
427,safe-117.jpg,466,612,3,169.80954935622313,198.44005091306886,198.23395116272553
428,safe-85.jpg,500,375,3,99.92577066666678,126.79022399999987,130.82639466666654
429,harm-132.jpg,528,728,3,84.94465430402924,73.44993287962032,79.56645698051942
430,harm-110.jpg,447,640,3,208.34404012863533,208.58200503355687,220.25585850111855
431,harm-288.jpg,459,612,3,226.40597633388862,231.28281501416834,243.0141007020093
432,safe-478.png,900,1200,3,99.29734444444453,123.10611296296275,138.15109444444442
433,safe-86.jpg,524,870,3,217.8834210757215,221.60731552162818,193.02534219531438
434,safe-338.jpg,675,1200,3,148.8570012345679,164.7661333333332,160.1586962962963
435,harm-437.jpg,259,640,3,195.83082166988393,195.25995415057855,231.23391650579137
436,safe-17.jpeg,168,299,3,181.8550724637681,196.13324175824184,195.72431915910192
437,harm-197.jpg,540,531,3,203.1742275231926,211.09171723512634,227.1492780916516
438,harm-16.jpg,447,640,3,228.79618638143165,234.1058305369129,236.67630732662232
439,safe-35.jpeg,600,800,3,128.92808749999995,148.738825,171.2557416666665
440,safe-106.jpg,600,812,3,113.7748645320197,126.08838259441731,147.17865763546789
441,harm-199.jpg,540,632,3,218.63041197843467,228.11173230192293,231.4804676511961
442,harm-324.jpg,447,640,3,230.1354551174517,230.25974902125478,230.73460220917423
443,safe-133.jpg,956,1300,3,191.0045654972644,195.51797634373963,200.9922771161891
444,safe-405.jpg,325,244,3,110.73255989911726,122.27616645649444,129.81430012610343
445,safe-6.jpeg,1709,2560,3,139.00427538948225,154.78140474144232,181.66751618270962
446,safe-199.jpg,408,612,3,99.38899301550671,110.74338395488918,133.6603790208894
447,harm-125.jpg,680,1000,3,80.65340147058825,76.81614852941182,75.81136764705879
448,harm-258.jpg,436,640,3,213.59685708142206,219.89225559059668,222.23278383027588
449,safe-382.jpg,250,528,3,73.80233333333332,92.67795454545455,132.02025
450,harm-100.jpg,419,617,3,195.08768272068625,194.91704413146996,194.7509931418094
451,harm-263.jpg,956,1300,3,131.23803749597693,162.84015931767,188.60908030254228
452,harm-183.jpg,426,640,3,223.96199750586908,223.61332893192548,234.48014231220682
453,harm-382.jpg,445,640,3,232.02737710674145,233.53049157303377,234.86090238764064
454,safe-446.png,660,920,3,142.85618577075093,145.84985507246364,183.958595191041
455,safe-52.jpg,600,800,3,192.58720000000017,192.9044187499999,208.5451000000002
456,harm-358.jpg,447,640,3,216.83196658277456,216.71735528523544,216.87776496085053
457,safe-167.jpg,1836,3264,3,126.69361760567567,147.80546978459134,154.51244329771626
458,harm-466.png,300,400,3,17.600991666666665,125.88723333333344,177.71035
459,harm-332.jpg,582,800,3,85.96873926116831,93.87559707903773,109.61835910652931
460,harm-71.jpg,447,640,3,204.6832179809844,212.94868917785266,213.42470637583892
461,harm-2.jpeg,648,1000,3,199.28680401234604,204.6516265432099,213.85311111111105
462,harm-420.jpg,500,640,3,195.0766406250005,190.57845000000046,236.9533968749983
463,harm-144.jpg,447,640,3,207.96725391498939,205.2351510067118,205.20966862416134
464,safe-282.jpg,956,1300,3,143.75607257804955,149.82172513678782,163.99599050531052
465,safe-315.jpg,682,1024,3,149.65272320610342,152.2322314309936,158.68195134943164
466,safe-24.jpeg,3333,2500,3,112.1948207620762,123.7181017701772,142.52596435643568
467,harm-37.jpg,685,1023,3,162.02446076018,161.21339269787606,160.3482030096111
468,safe-298.jpg,866,1300,3,215.29882927695846,252.0052229525671,254.41262480014146
469,harm-35.jpg,580,894,3,208.43779410630262,213.52482450050124,216.99568579804085
470,harm-368.jpg,1099,1500,3,106.83344070366988,113.9676396724295,121.71198908098275
471,harm-433.jpg,208,640,3,216.6701246995189,219.02561598557668,220.17936448317295
472,safe-287.jpg,810,1080,3,101.45532807498856,116.87113740283483,119.0170438957475
473,harm-262.jpg,447,640,3,230.9167295861302,234.34202670581658,236.98820959172258
474,safe-413.png,2248,3000,3,172.03296011269236,180.90162351720028,185.09960883748494
475,safe-402.jpg,894,894,3,161.30168686095226,200.22722700178667,210.79482155458453
476,safe-398.jpg,350,350,3,172.65250612244898,184.87614693877552,191.73142857142844
477,harm-435.jpg,285,640,3,225.15314144736809,224.90339912280655,224.92018640350844
478,harm-319.jpg,956,1300,3,149.1036417766334,161.37824187318952,169.96736160283223
479,safe-101.jpg,956,1300,3,110.4437327003541,111.87580785323458,117.84486160283222
480,safe-422.png,700,1024,3,86.1489550781251,122.45024553571429,154.59481445312522
481,safe-481.png,280,430,3,132.00256644518282,155.778131229236,201.72885382059798
482,safe-120.jpg,866,1300,3,175.96059513235008,181.9583434002487,200.00172854858772
483,safe-469.png,750,750,3,144.75800711111103,161.52087466666683,191.723114666667
484,safe-277.jpg,1390,866,3,118.18184907039722,119.09402694934137,128.3138219216775
485,harm-201.jpg,540,511,3,224.24989128071442,239.7351235775907,234.65790389215164
486,safe-441.png,534,800,3,150.9208075842698,162.2186446629214,181.5338412921348
487,safe-476.png,563,750,3,132.69737596210766,150.29935820011855,167.31944345766715
488,harm-360.jpg,957,1300,3,175.05840929185734,178.8262687886826,186.56881922675035
489,harm-328.jpg,540,390,3,235.59999050332394,221.0569563152899,225.84319563152914
490,safe-80.jpg,428,683,3,152.44045647979618,182.194205744311,209.78071591795413
491,harm-495.png,1280,720,3,71.70467122395831,77.84318359375008,91.30364257812496
492,harm-370.jpg,1225,1500,3,60.87248326530616,91.0918508843537,123.8548941496598
493,safe-122.jpg,1000,1500,3,128.3266026666669,146.16302133333318,166.32439000000002
494,safe-269.jpg,640,640,3,208.99062499999997,232.80101318359385,224.89091796874987
495,safe-200.jpg,408,612,3,166.4540681468665,185.7524309560426,200.00146578239136
496,safe-435.png,1084,1600,3,129.61517066420697,143.10498039667894,147.6578309501842
497,safe-260.jpg,2000,2000,3,111.17384450000006,127.4849090000001,135.3087219999999
498,harm-291.jpg,511,640,3,221.21582986790628,220.08529843444234,221.55499021526416
499,safe-175.jpg,760,570,3,155.34844875346263,165.43222530009237,174.572456140351
500,harm-413.jpg,360,640,3,216.26518229166692,220.6321180555555,227.15806857638896
501,harm-82.jpg,447,640,3,209.75465604026886,219.71608291387057,227.05319840604065
502,harm-188.jpg,447,640,3,185.7127586689039,187.80812709731566,194.538310961969
503,harm-134.jpg,1374,910,3,66.7104947454293,77.96600124766067,86.57572260345188
504,safe-98.jpg,904,1200,3,167.71254885693193,178.75437315634196,204.56285213864282
505,safe-83.jpg,756,1008,3,116.40815670403967,135.7889069979845,168.86861851221948
506,harm-366.jpg,1125,2000,3,173.89446533333353,179.35773200000034,186.26665644444435
507,harm-200.jpg,479,640,3,211.47870889874724,218.2877022442593,224.5366257828815
508,safe-379.jpg,1500,1500,3,184.92163599999986,212.09863244444406,224.36029066666694
509,safe-367.jpg,2560,2560,3,231.21445068359398,237.76584594726546,228.9764001464843
510,harm-152.jpg,447,640,3,212.90142967002276,218.32651356264032,222.6669463087253
511,safe-219.jpg,408,612,3,88.21098856209147,104.24566272587474,127.41540913751128
512,safe-177.jpg,1496,1496,3,86.30586242457613,99.27078135276948,117.59658331307732
513,harm-168.jpg,342,608,3,91.10357032933217,98.67032644659893,98.7619652200677
514,harm-390.jpg,380,640,3,223.62885690789645,223.63727796052802,223.63727796052802
515,safe-332.jpg,800,800,3,150.7174218749999,152.76472187500005,148.03343124999995
516,safe-457.png,259,390,3,131.3521433521432,157.21615681615685,186.42990792990787
517,harm-297.jpg,408,612,3,173.69630670895802,198.4670198961936,214.83335335768285
518,harm-377.jpg,425,640,3,201.96567647058856,208.8525992647062,220.63213235294143
519,safe-84.jpg,768,1024,3,104.93108113606769,135.196397145589,147.2902208964032
520,safe-445.png,534,800,3,179.13244616104856,172.54329588014997,194.94580992509364
521,harm-487.png,470,600,3,190.84403546099296,190.63563475177313,184.93751063829794
522,safe-70.jpg,600,600,3,195.36768888888898,214.10763055555537,218.03013611111132
523,harm-173.jpg,462,640,3,234.1406622023816,235.38692167207864,235.94323593073665
524,harm-452.png,280,385,3,83.9177272727273,78.70645640074216,78.26311688311685
525,safe-345.jpg,360,539,3,148.69480004122872,159.02780354566076,174.65794681508945
526,harm-341.jpg,447,640,3,230.21691135346768,232.1366505872485,232.7690296420582
527,harm-46.jpg,350,350,3,135.31842448979594,169.4289224489797,199.086187755102
528,harm-76.jpg,449,640,3,222.79361776169202,232.436911887527,234.72186108017732
529,harm-1.jpeg,691,1000,3,89.72681476121562,122.02219826338639,160.62658176555698
530,safe-211.jpg,360,612,3,180.29783950617295,195.08943809005063,190.07288489469877
531,harm-158.jpg,445,640,3,215.3808672752808,213.2552668539326,212.8394627808988
532,harm-468.png,990,1600,3,122.7696742424244,116.74729229797978,106.2334147727273
533,safe-318.jpg,556,740,3,100.9125559012251,120.4701025665954,132.5100524985416
534,safe-454.png,1668,2500,3,118.97683333333323,150.3989580335731,184.28877865707432
535,harm-374.jpg,1225,1500,3,149.33785251700658,158.02711836734696,169.88811047619046
536,safe-194.jpg,460,612,3,150.29675333901667,162.62960002841726,174.82112460926402
537,harm-322.jpg,904,1300,3,195.22733151803976,207.86050119128637,217.57532590197417
538,harm-312.jpg,447,640,3,220.339793064878,221.98039359619793,223.79346336689144
539,safe-326.jpg,956,1300,3,141.49625201158688,179.6272899903442,187.50674847119396
540,safe-61.jpg,800,800,3,190.46348750000016,216.60101406249998,204.83676093750034
541,safe-99.jpg,956,1300,3,130.31102108142895,137.6598052784035,143.1864966205343
542,safe-419.png,3000,3000,3,193.6456313333336,195.70157599999993,203.34256833333328
543,harm-333.jpg,956,1300,3,185.86148455101377,164.56442549082743,162.2125321853877
544,safe-271.jpg,893,1340,3,72.34978522839342,91.59801190018553,107.75814795005932
545,safe-59.jpg,1080,810,3,92.91963191586647,111.43116140832173,127.92082990397812
546,safe-357.jpg,770,1026,3,176.89907470696946,195.31299713931296,209.93111440216677
547,safe-170.jpg,270,340,3,105.91781045751635,131.4752505446623,143.3122657952069
548,harm-280.jpg,447,640,3,213.2528383668906,213.2528383668906,213.2528383668906
549,harm-470.png,800,800,3,194.13043593750004,185.35039375000005,181.9474421875002
550,safe-55.jpg,810,1080,3,102.22486511202568,122.6194410150891,136.92266117969837
551,safe-439.png,1400,1400,3,141.34934897959178,139.89868163265308,160.28001479591813
552,harm-400.jpg,447,640,3,218.17446868008952,223.79104446308716,224.91148629753926
553,harm-411.jpg,454,640,3,213.26479212555145,213.26479212555145,213.26479212555145
554,safe-190.jpg,400,600,3,127.7192124999999,168.43907083333335,206.4043375
555,safe-347.jpg,318,450,3,117.2750034940602,126.8620125786163,144.61821802934995
556,safe-314.jpg,682,1024,3,149.65272320610342,152.2322314309936,158.68195134943164
557,harm-351.jpg,250,640,3,220.5908500000002,220.6046312500001,222.05589375
558,harm-388.jpg,380,640,3,233.41814555921064,233.41814555921064,233.41814555921064
559,harm-364.jpg,1390,866,3,99.1769634638709,104.76662817551966,102.45145878678134
560,safe-247.jpg,956,1300,3,94.35588509816554,108.17845992919223,122.652361602832
561,safe-327.jpg,640,640,3,62.677287597656246,97.08446044921874,129.82581298828103
562,harm-239.jpg,1200,1600,3,90.22912291666673,93.46260260416673,106.17027760416666
563,safe-9.jpeg,1707,2560,3,164.71365791593433,170.764939175088,184.26361947129476
564,safe-64.jpg,1080,810,3,123.70323273891177,134.4394478737998,155.8491860996797
565,harm-73.jpg,474,640,3,186.46228902953573,191.28958992616037,195.44601793248938
566,safe-62.jpg,240,320,3,145.92098958333332,161.5623046875,168.92697916666657
567,harm-163.jpg,448,640,3,219.18715820312505,219.42820521763397,223.37223423549108
568,harm-373.jpg,1072,1500,3,102.00284017412919,113.31803855721407,121.05315547263673
569,safe-487.png,462,594,3,178.16278586733142,185.74534668474038,188.80067267188497
570,safe-66.jpg,1080,810,3,128.69380201188858,133.4428395061728,143.7173090992226
571,harm-424.jpg,447,640,3,212.27020413870292,215.44169463087306,215.24599063199153
572,safe-14.jpeg,504,672,3,100.27423764644746,114.45644664115646,131.02885251322735
573,harm-295.jpg,424,612,3,186.68280228758184,206.98068118756942,225.90713636083382
574,safe-181.jpg,3000,3000,3,162.59635322222235,174.7107260000001,190.95881666666656
575,harm-193.jpg,447,640,3,211.2741575783015,213.8105669742748,221.79575992729482
576,harm-174.jpg,447,640,3,189.6999196029081,201.00456166107384,209.14520413870264
577,harm-460.png,2250,3000,3,142.75891229629642,145.60943155555546,153.94683081481494
578,harm-303.jpg,447,640,3,231.1506047259515,229.0358291387031,228.31405550894925
579,safe-124.jpg,1167,1600,3,106.04019869323051,123.34893851756644,151.2879064910029
580,safe-486.png,734,1320,3,119.27169824952524,129.2953234662701,156.25737449426137
581,safe-243.jpg,956,1300,3,153.33257080785336,164.26734068233026,174.47467492758295
582,safe-30.jpeg,400,600,3,82.62433333333333,97.02009583333336,142.1961083333334
583,harm-434.jpg,500,640,3,235.3763468750003,234.7443093750005,234.49897812500026
584,harm-48.jpg,300,450,3,212.9314444444444,189.35932592592593,127.89937037037042
585,harm-361.jpg,562,1000,3,109.36119039145909,110.56756761565845,110.83956761565828
586,harm-419.jpg,500,640,3,205.44261562500014,205.67577812500016,226.24321562499898
587,harm-314.jpg,447,640,3,220.43503215883737,222.6107172818799,224.62364024049285
588,safe-344.jpg,360,540,3,151.2927726337447,177.18692386831273,215.99864197530857
589,harm-496.png,474,711,3,182.54730664008002,189.69690873376175,191.0128392292308
590,safe-152.jpg,957,1300,3,142.45148782252218,145.85353910457357,160.786749457439
591,safe-191.jpg,483,724,3,133.70832618418487,156.77583988195337,180.30670418539717
592,harm-34.jpg,866,1300,3,208.12549209451097,212.97185468111542,212.12722064309776
593,safe-155.jpg,935,1300,3,148.20651830522425,150.5522994652407,155.83073303167393
594,safe-158.jpg,800,800,3,199.5522109374997,221.48769843749997,224.58054687499978
595,harm-302.jpg,447,640,3,237.01582774049308,237.24415198545958,237.33537122483327
596,harm-206.jpg,447,640,3,212.68586409396008,220.82954767897118,223.4188898210295
597,harm-383.jpg,470,640,3,222.54951795212838,222.4342852393624,222.47770611702202
598,harm-66.jpg,408,640,3,195.05465686274485,207.4306946997548,219.65599724264706
599,safe-275.jpg,956,1300,3,110.60078693273257,115.52798519472164,122.78708480849699
600,safe-36.jpeg,720,960,3,97.54710069444444,129.94278645833333,149.13636284722222
601,harm-284.jpg,682,1024,3,174.8083818273461,163.97206773506207,169.79351860337235
602,harm-381.jpg,951,1300,3,118.60033406131191,130.60131764134917,139.15482892501825
603,harm-212.jpg,540,520,3,233.94320512820585,239.23368233618302,241.44114316239362
604,safe-21.jpeg,302,460,3,163.2285847970055,193.64552980132436,208.17496400806206
605,harm-33.jpg,500,500,3,241.37392399999996,240.63894399999995,240.09248000000002
606,safe-264.jpg,258,258,3,150.16453338140735,171.90431764917966,206.87206297698458
607,harm-187.jpg,447,640,3,214.30625349552665,218.73234759507918,240.00580956375885
608,safe-293.jpg,1280,1920,3,192.10990763346396,198.3516695149743,202.748835449219
609,harm-143.jpg,447,640,3,225.80601929530317,226.19160724273047,224.80344309284237
610,safe-135.jpg,956,1300,3,150.41344464113283,156.7976866752495,151.04624235597046
611,harm-86.jpg,447,640,3,220.34359619686916,228.81387374161176,234.26645343959862
612,harm-147.jpg,515,640,3,227.22130461165116,229.18627730582597,230.7631614077678
613,harm-408.jpg,500,640,3,232.88090624999873,231.72635624999856,232.44646874999876
614,harm-436.jpg,370,640,3,232.31324324324328,231.91450168918908,231.9689949324324
615,safe-411.png,463,570,3,103.45437838657118,122.89406236974718,131.07986434769433
616,safe-381.jpg,894,894,3,180.82592375718832,195.55168936334223,224.0024460860125
617,safe-207.jpg,360,640,3,125.529314236111,152.60700086805565,184.1558984374999
618,safe-1.jpeg,768,768,3,133.21766832139753,154.64786783854166,171.50223626030825
619,harm-102.jpg,447,640,3,173.6207424496643,206.17150796979854,219.04172609060416
620,safe-420.png,768,768,3,195.03920321994394,212.80951944986973,220.88929239908842
621,harm-421.jpg,500,640,3,193.58450000000062,190.43599062500056,235.21610937499872
622,harm-77.jpg,377,640,3,233.32369031830203,233.32369031830203,233.32369031830203
623,safe-455.png,534,800,3,160.19949204119848,184.05489232209726,204.5598220973783
624,harm-149.jpg,450,640,3,191.06481597222188,202.5852777777772,215.5201909722216
625,harm-287.jpg,360,640,3,107.66565972222209,168.51292534722216,214.09240885416665
626,safe-163.jpg,479,852,3,79.18287316102598,129.17035441598793,189.42990090858322
627,harm-191.jpg,445,640,3,219.27419592696643,220.20144662921342,232.59938202247184
628,harm-135.jpg,604,910,3,57.04242595153191,73.42251655629127,93.34490029837715
629,safe-97.jpg,620,1100,3,170.44263343108483,174.67461583577727,172.54028152492677
630,harm-15.jpg,447,640,3,232.73374580536944,226.51807536353508,224.58963576621963
631,safe-336.jpg,612,408,3,153.5950716070742,167.3357803088556,170.68184512367029
632,harm-355.jpg,540,520,3,240.7813390313395,240.5340064102571,240.56187678062753
633,safe-406.jpg,1068,1600,3,147.0472483614231,158.69884421816468,192.1587897940075
634,harm-91.jpg,447,640,3,196.8575713087249,226.3396357662196,231.45718680089536
635,safe-159.jpg,408,612,3,130.67988273740886,148.66245754837897,189.6020240612587
636,safe-339.jpg,348,348,3,167.6029528339278,168.70391564275337,196.2192330558859
637,harm-248.jpg,361,640,3,234.96026662049843,229.30895948753454,216.55863919667559
638,safe-377.jpg,1000,1000,3,151.9591860000002,155.9588600000001,181.9016770000004
639,safe-89.jpg,1080,1920,3,129.00201292438257,140.91857204861125,162.50935136959873
640,safe-142.jpg,225,300,3,111.6230518518518,118.7827703703703,134.41936296296296
641,harm-166.jpg,1167,1600,3,90.24097739931453,101.7500326692375,128.63499999999993
642,harm-464.png,300,400,3,38.95334166666666,107.81143333333334,149.3611666666667
643,safe-288.jpg,817,613,3,102.90708456714094,135.42037374630826,159.6095591039514
644,harm-340.jpg,535,640,3,234.80955315420414,238.32205899532528,240.7004322429888
645,harm-294.jpg,712,1024,3,84.08175556311451,113.40649002589541,148.58341517073367
646,harm-219.jpg,399,600,3,118.29848788638274,130.72245614035114,144.65139933166247
647,safe-311.jpg,300,300,3,116.5426999999999,135.44139999999996,166.43631111111114
648,harm-108.jpg,447,640,3,218.66792855145414,218.86735528523508,219.08079208612995
649,safe-60.jpg,1080,810,3,101.76668152720607,119.31124485596719,134.49160493827145
650,harm-53.jpg,445,640,3,230.56258778089995,230.44924508427056,232.81278441011332
651,safe-334.jpg,480,480,3,163.81156684027792,189.926640625,198.21830729166678
652,harm-141.jpg,462,640,3,187.29441626082271,210.1729369588746,223.66646374458878
653,safe-41.jpeg,640,640,3,113.74252685546867,125.59283691406245,134.53273681640619
654,safe-409.png,1155,1600,3,185.3952207792208,186.67568235930733,191.0485043290044
655,harm-36.jpg,438,640,3,227.47886700913136,230.68285530821785,231.6245505136973
656,harm-313.jpg,447,640,3,200.84096057046992,204.79250209731532,209.71412192393763
657,harm-414.jpg,451,640,3,225.7574175443458,230.08774598115315,232.61753048780488
658,safe-239.jpg,408,612,3,113.16193691528902,122.75051262334989,153.47688789568122
659,safe-485.png,360,480,3,133.58788194444446,147.45616898148154,150.35701967592584
660,harm-327.jpg,1000,1000,3,198.28108900000007,231.16982199999987,227.02059400000016
661,harm-298.jpg,408,612,3,208.4863834422659,201.50816993464056,203.8664295783673
662,safe-392.jpg,894,894,3,211.07754405457212,211.9524933811789,214.9591835202618
663,safe-437.png,628,1200,3,149.30799628450097,164.00734341825913,175.61965764331202
664,harm-462.png,417,626,3,189.9831866136485,210.06969759655556,223.47360961071422
665,safe-146.jpg,684,1050,3,90.55631857421338,91.07106655527707,96.99873990531886
666,safe-27.jpeg,668,1000,3,131.420869760479,136.96449700598825,173.65911526946098
667,harm-202.jpg,500,640,3,236.60660624999983,231.12503125000003,225.65615624999995
668,safe-301.jpg,800,800,3,147.06256718749995,172.23914843750023,214.99394062500016
669,safe-399.jpg,894,894,3,147.28282009318877,182.27481619947045,221.65829617284493
670,harm-329.jpg,447,640,3,223.70161143736064,227.76540827740556,233.43220078299856
671,harm-486.png,280,347,3,188.26254631535613,197.8018834911486,202.59150885137913
672,harm-407.jpg,474,640,3,193.07522085970461,211.28584190400858,226.60871242088623
673,harm-6.jpeg,400,400,3,207.88221875000002,211.03641249999998,221.04357499999978
674,harm-140.jpg,447,640,3,239.35041247203685,239.46958892617576,239.25283487136576
675,harm-443.jpg,380,640,3,201.35683799342127,201.25914473684196,199.39078125000003
676,harm-39.jpg,533,800,3,137.38237570356478,164.66676125703555,188.06423311444635
677,harm-83.jpg,445,640,3,210.7270681179777,215.01639044943877,221.4089922752816
678,harm-20.jpg,426,640,3,218.73163879108023,220.06255501760612,222.19718309859186
679,harm-455.png,1269,846,3,92.5668589216952,93.62851931958114,95.34319571822715
680,harm-151.jpg,444,640,3,178.47248381193705,185.19983811936953,190.9674443975226
681,safe-464.png,1157,1600,3,178.33886398012112,181.2143868841832,174.94637316335368
682,harm-69.jpg,447,640,3,182.6050370525725,207.62576202460846,213.88438898210296
683,safe-262.jpg,1667,2500,3,165.410323215357,188.8855294541091,198.18753449310154
684,safe-374.jpg,750,1000,3,154.9995453333332,152.952708,228.08757199999997
685,harm-5.jpeg,616,700,3,219.89512523191087,225.3709554730985,229.6706377551019
686,safe-147.jpg,1960,2946,3,94.69170061099787,101.60347219335812,124.43305069481964
687,safe-115.jpg,1065,1300,3,76.11069122426873,87.09599205489347,103.25939833875049
688,harm-217.jpg,520,640,3,143.36273437500006,162.65888221153836,184.77474759615387
689,harm-459.png,1300,1500,3,206.4000902564104,197.89287179487195,174.58931794871816
690,safe-302.jpg,1200,1600,3,60.50941354166659,76.86016979166664,96.75270156249996
691,safe-393.jpg,286,350,3,226.58721278721285,223.34159840159833,221.3361138861139
692,safe-284.jpg,408,612,3,136.4534634115083,158.6360494361142,190.13883682557997
693,safe-114.jpg,1390,865,3,86.32244188464266,116.91241568594843,150.90285773693196
694,harm-238.jpg,447,640,3,231.92264751118668,231.92264751118668,231.92264751118668
695,harm-253.jpg,500,640,3,228.24978437499902,226.19481249999916,226.6047531249989
696,harm-185.jpg,446,640,3,198.94057945627853,202.93037766255682,205.01165919282568
697,harm-3.jpeg,1365,2048,3,175.37539670615863,172.43066692422195,172.57734017284795
698,harm-409.jpg,447,640,3,240.6468225671159,239.97842211968842,240.08523839485625
699,harm-335.jpg,447,640,3,225.67206026286448,225.8612660794193,226.68618917785344
700,harm-97.jpg,956,1300,3,101.51750160926946,103.47423318313473,102.70382201480538
701,safe-337.jpg,300,300,3,150.19895555555556,171.87553333333335,206.86886666666672
702,harm-136.jpg,447,640,3,179.40832634228178,208.46559703579402,217.91874650447417
703,harm-259.jpg,447,640,3,223.12893945749443,222.83860808165554,221.3659605704698
704,safe-47.jpg,408,612,3,146.2731601627578,171.69643886966563,188.0591919774445
705,safe-164.jpg,300,300,3,176.2451555555554,179.75846666666666,199.09836666666678
706,harm-497.png,534,800,3,34.71067883895129,55.30414091760297,73.22956460674158
707,safe-218.jpg,400,430,3,217.13371511627906,220.14486046511624,189.6968662790699
708,safe-362.jpg,500,417,3,164.05457074340526,201.80032613908875,207.3568585131894
709,harm-130.jpg,821,1300,3,175.52619413473255,195.71585777194778,193.3658915019207
710,safe-274.jpg,1390,866,3,111.96495671822814,115.38284014820488,113.74899563028569
711,safe-143.jpg,507,706,3,123.95181062853743,144.14838158137354,157.22120343519336
712,harm-118.jpg,447,640,3,207.99934633668954,209.25117799217043,230.46821518456423
713,harm-412.jpg,540,540,3,199.44569615912306,199.44569615912306,199.44569615912306
714,safe-116.jpg,600,900,3,75.59216481481486,108.80785555555565,130.6649370370371
715,harm-31.jpg,400,400,3,217.85090625000004,221.28006875000014,233.81783749999985
716,safe-285.jpg,810,1080,3,82.61533036122539,106.12810356652957,128.09572473708292
717,safe-166.jpg,533,716,3,154.30622228976887,166.32156445543805,185.1120777301457
718,safe-222.jpg,720,1080,3,120.6760969650206,135.13488554526757,153.71528935185182
719,harm-273.jpg,540,347,3,238.4701355534221,240.4348276230133,241.84150923257678
720,safe-224.jpg,555,1024,3,156.04094348254503,165.7482791385136,172.44567321227487
721,safe-212.jpg,448,612,3,206.62288821778733,211.50963614612525,229.92151027077531
722,safe-16.jpeg,259,194,3,119.2128328623174,136.6412450742348,148.42011304382436
723,harm-67.jpg,445,640,3,178.426327247191,195.9000175561795,199.37882724719086
724,harm-281.jpg,1024,683,3,98.21924614522328,96.6361239476574,100.21460354136164
725,safe-19.jpeg,847,1160,3,88.82486565158985,100.70582074665143,113.58830659935664
726,safe-178.jpg,1199,1600,3,61.26385842368637,94.04114783152644,134.34741607589663
727,harm-439.jpg,455,640,3,236.47601991758134,237.7710233516471,238.52761675824044
728,harm-279.jpg,349,620,3,95.83045567982256,113.71552823736012,153.72673999445416
729,safe-168.jpg,720,1080,3,207.49089763374513,227.66292824074094,223.66305298353905
730,harm-264.jpg,447,640,3,190.88624510626408,199.98815366331078,219.53922678970852
731,harm-4.jpeg,405,608,3,85.55261939571145,101.72526803118905,131.4665570175438
732,harm-175.jpg,447,640,3,230.715670441835,232.30898000559324,236.45039499440773
733,harm-415.jpg,447,640,3,231.30750838926124,234.80529222595092,237.43940156599538
734,safe-389.jpg,298,450,3,153.6487322893364,157.685630126771,165.2568978374348
735,safe-296.jpg,1104,1300,3,151.31257107023393,162.784255156076,178.87370749721293
736,safe-484.png,680,800,3,190.75771323529392,193.74522977941177,251.88796507352964
737,harm-378.jpg,534,640,3,210.42343457397047,212.28571804775302,213.41468281835242
738,safe-113.jpg,2592,1936,3,97.6064340532853,135.69869664128638,162.6615743132078
739,harm-492.png,417,626,3,62.38101531554312,82.19982225082538,107.5363849495483
740,safe-319.jpg,269,320,3,101.23899860594794,135.02142193308555,149.98826672862464
741,safe-280.jpg,400,700,3,86.87112142857158,118.04114285714273,143.63788928571427
742,harm-379.jpg,447,640,3,225.73888422818928,225.99682256711554,226.53082005033684
743,harm-68.jpg,445,640,3,227.14001755618068,233.16564606741719,235.02308286517004
744,harm-213.jpg,447,640,3,214.82254614094003,213.08242799217038,234.0475496364657
745,safe-134.jpg,607,910,3,59.20175606930136,104.32418125531794,172.8099136448397
746,harm-121.jpg,447,640,3,234.90870385906155,235.22936591163403,235.5442428691287
747,harm-170.jpg,447,640,3,225.73398699664443,230.20898350111878,233.00182815995564
748,safe-475.png,350,500,3,150.45865714285713,165.82500571428562,195.3731942857142
749,safe-290.jpg,354,472,3,111.02386167767894,107.09101790673176,125.22239179354594
750,safe-453.png,1440,1440,3,156.50550347222216,163.1194926697532,175.65999373070977
751,safe-304.jpg,956,1300,3,117.4331340521403,124.69599855165758,136.19357901512709
752,harm-56.jpg,540,391,3,241.08814057023758,233.87686842853063,228.64670360897992
753,safe-428.png,2000,2000,3,184.51973649999985,206.32261174999996,223.11975475
754,harm-457.png,500,500,3,189.10397999999995,199.87697199999997,213.91911200000004
755,harm-472.png,360,540,3,190.48132716049386,204.78204732510287,228.6329320987653
756,harm-153.jpg,442,640,3,218.5996606334849,221.24922228506867,231.79913744344026
757,safe-87.jpg,300,450,3,165.02374814814812,181.62452592592584,200.2261555555555
758,safe-174.jpg,594,570,3,208.0761001831179,217.66680843522934,226.92957055939505
759,harm-116.jpg,436,640,3,208.059235235091,222.1908830275228,228.26989678899108
760,harm-446.jpg,540,348,3,226.05328863346188,228.36315453384492,242.2014154959565
761,safe-341.jpg,750,1000,3,122.6815679999999,136.4717266666667,165.88673733333337
762,safe-161.jpg,200,200,3,118.31955000000005,171.59482500000001,196.16397499999997
763,harm-72.jpg,447,640,3,222.90118847874814,225.4812185402694,225.1164464485467
764,harm-458.png,1436,1920,3,93.07674892641586,112.84374927460543,186.4293545438719
765,harm-179.jpg,448,640,3,225.55381556919605,223.37468959263364,227.64729003906183
766,safe-179.jpg,2382,3000,3,123.07753162608431,125.08655485586338,133.26534508816084
767,safe-461.png,498,800,3,157.44183232931732,181.03823042168696,198.22851405622478
768,harm-26.jpg,350,324,3,215.1684920634921,217.3796031746033,219.20517636684312
769,safe-220.jpg,323,430,3,111.74937000503995,129.77801857585143,138.5965728274173
770,harm-274.jpg,447,640,3,116.85083193512328,149.9891533836692,164.23839135906056
771,safe-421.png,480,725,3,105.57403160919533,111.70856321839102,138.05125574712653
772,harm-293.jpg,683,1024,3,120.57003225658848,145.99268793466325,167.09131645772322
773,safe-307.jpg,408,612,3,140.20240212097917,150.65975426118172,173.12144367550954
774,harm-301.jpg,447,640,3,237.95159745525729,235.55907088926128,235.3186730984336
775,safe-434.png,576,800,3,175.09386501736108,193.89779730902802,212.58797092013893
776,safe-202.jpg,406,612,3,129.36070060207993,149.50311101452084,169.37240413406744
777,safe-12.jpeg,720,960,3,79.00344473379633,111.37884982638884,148.99333043981463
778,harm-286.jpg,459,612,3,240.1370377490137,241.86431500704907,243.67808321585747
779,harm-189.jpg,540,596,3,225.3827429778777,213.7577554064137,222.65876522495697
780,harm-75.jpg,1390,866,3,89.4002417465566,111.93011364580391,138.40104507617912
781,safe-165.jpg,555,1026,3,131.49999824385782,146.44808141474803,172.8166622763114
782,safe-206.jpg,408,612,3,148.6956819492502,156.4220532167116,174.82870770857355
783,safe-248.jpg,579,580,3,98.96859924959803,118.44486034184982,147.2093949139423
784,harm-23.jpg,447,640,3,231.50346057046983,231.9173657718123,240.91241610738285
785,harm-51.jpg,360,360,3,242.84182098765405,243.42327932098755,243.14956790123438
786,safe-77.jpg,1000,1000,3,126.75512800000007,138.05297399999992,136.87539400000003
787,safe-125.jpg,400,600,3,138.53934166666667,143.0101666666666,142.28172499999977
788,harm-112.jpg,446,640,3,234.77665358744406,235.12625420403583,235.64747757847596
789,safe-256.jpg,1200,1200,3,122.63250069444453,133.21067361111125,161.70350347222228
790,harm-225.jpg,387,640,3,216.65824450904466,223.69743217054366,217.64180797803692
791,harm-64.jpg,447,640,3,239.6113534675623,231.3914429530208,213.35806417785312
792,safe-7.jpeg,504,672,3,103.06549981103568,113.11229804421785,131.02408116024176
793,harm-126.jpg,393,640,3,234.51335480279772,237.0320411895662,238.74212388676733
794,safe-333.jpg,550,550,3,143.42521652892566,206.89363305785136,226.77043966942148
795,safe-231.jpg,960,1440,3,131.47530743634286,128.93743272569455,125.09361038773174
796,safe-286.jpg,1000,1000,3,206.33216300000015,222.2795569999998,229.2931519999998
797,safe-105.jpg,701,1050,3,140.46281502615298,153.14403097615627,163.2806399021809
798,safe-2.jpeg,281,500,3,85.88374377224201,124.92698932384351,144.79244839857623
799,safe-169.jpg,270,340,3,94.59230936819168,116.82255991285413,140.6524836601308
800,harm-256.jpg,956,1300,3,211.36107981976244,212.20051818474457,213.08122384937255
801,harm-485.png,1157,1600,3,101.7781865816768,151.47348044511662,179.43016907951602
802,harm-489.png,300,300,3,182.7561555555556,189.87515555555555,202.40896666666677
803,safe-323.jpg,956,1300,3,99.60058577405862,106.44441663984536,128.75904892178963
804,harm-88.jpg,447,640,3,206.90598084451935,218.42240981543688,225.28611926733828
805,safe-436.png,1367,2048,3,179.56997138178963,192.04562768608272,212.97038093795734
806,safe-305.jpg,1098,1500,3,154.70334365513025,175.35853248330272,196.7217049180329
807,safe-254.jpg,540,540,3,203.88022633744845,212.03192043895743,190.52559670781898
808,harm-216.jpg,463,640,3,237.0921470032391,226.3448164146862,217.37635664146802
809,harm-117.jpg,447,640,3,210.47732102908282,211.4618253635349,212.02279781879207
810,safe-365.jpg,1111,1500,3,188.87584458445852,203.4388646864687,207.91454725472525
811,harm-473.png,582,800,3,204.28271262886597,213.0894716494847,216.73561211340194
812,safe-335.jpg,1601,1601,3,205.97477529074004,215.34396171037685,219.46143708589366
813,safe-176.jpg,180,180,3,181.3325925925926,192.79858024691353,205.7096913580246
814,harm-27.jpg,750,750,3,109.45760000000004,112.7514542222224,168.52900266666674
815,safe-57.jpg,1080,810,3,76.09359053497947,128.19473936899874,153.56314243255622
816,safe-184.jpg,425,640,3,123.29062499999986,140.72776102941185,167.79514338235288
817,safe-223.jpg,788,940,3,178.49458769845555,185.98551544443214,173.10239226698366
818,harm-215.jpg,361,640,3,226.8811764196677,220.6344529085871,215.08935682132966
819,harm-453.png,280,347,3,90.1813915191437,101.97798476739392,117.81175380815148
820,harm-456.png,270,340,3,223.13895424836625,227.1185947712418,235.87062091503248
821,safe-226.jpg,400,700,3,131.60115714285726,139.30468571428574,168.69081428571428
822,safe-79.jpg,1200,1600,3,208.21008333333282,219.05122031250033,220.81893802083306
823,safe-92.jpg,810,1080,3,101.97744055784163,117.8053132144489,128.7579778235024
824,harm-429.jpg,447,640,3,197.9339835011186,207.02131222035786,213.03028173937338
825,safe-325.jpg,956,1300,3,134.81951400064392,136.34217251367875,154.59474171226285
826,safe-130.jpg,945,1300,3,169.2900952380953,175.9372372812374,183.64932519332538
827,harm-380.jpg,447,640,3,232.26997692953037,233.146969379195,234.09048867449673
828,harm-326.jpg,954,1300,3,150.0409401709401,145.2037993871956,144.1042807611676
829,safe-451.png,500,600,3,111.28635333333322,129.82976666666656,163.7934366666663
830,safe-53.jpg,320,240,3,126.57194010416673,147.53404947916664,160.32690104166667
831,safe-33.jpeg,480,480,3,101.79289062499984,124.5955425347222,141.85116319444433
832,harm-156.jpg,445,640,3,231.01597963483127,232.75651334269645,232.87188553370797
833,safe-342.jpg,360,540,3,141.6285030864199,150.2205915637859,156.1791255144034
834,harm-109.jpg,448,640,3,237.0422258649557,237.0422258649557,237.0422258649557
835,harm-85.jpg,447,640,3,216.14800405481068,223.42472385346818,228.63256431767405
836,harm-299.jpg,408,612,3,89.83747036396257,92.15863690247339,96.74892669486091
837,harm-220.jpg,447,640,3,234.5262548937363,235.00736856823255,235.35285934004486
838,harm-43.jpg,300,450,3,227.93722222222232,229.66102962962987,229.877903703704
839,safe-308.jpg,408,612,3,115.7623590285787,138.85990164039472,161.57124663590932
840,safe-249.jpg,1111,1500,3,188.88060486048593,203.47950795079532,207.93015841584184
841,harm-169.jpg,447,640,3,227.9722595078299,227.9722595078299,227.9722595078299
842,safe-149.jpg,1000,1500,3,115.72169133333371,138.7427026666667,161.4129400000001
843,safe-360.jpg,956,1300,3,110.95930962343094,116.55554715159313,131.74832233665913
844,harm-480.png,534,800,3,201.302584269663,202.34769662921357,199.50134831460676
845,harm-106.jpg,821,1300,3,200.9211374496392,207.86716106062022,208.21253255879296
846,harm-127.jpg,433,640,3,234.17402930138445,235.6983112009228,236.81014001154594
847,safe-268.jpg,640,640,3,213.9301245117187,200.24344970703117,224.1399731445314
848,safe-404.jpg,700,700,3,220.59581428571443,186.94852653061236,179.57821020408178
849,harm-476.png,255,320,3,159.7724387254902,171.55341911764705,183.8604166666666
850,harm-104.jpg,416,626,3,180.13139361636752,177.53582729171782,177.47800058368128
851,harm-55.jpg,447,640,3,239.3391568791955,239.63305369127585,239.5938303970924
852,harm-430.jpg,540,520,3,242.80349715099862,241.72332264957393,240.21462606837767
853,safe-472.png,1280,1280,3,151.71819213867178,162.5365795898438,174.5282293701169
854,safe-438.png,279,465,3,78.10242417235133,76.12406058503872,100.82477357690674
855,harm-261.jpg,447,640,3,211.4438303970922,216.4522581096203,233.17586339485516
856,harm-195.jpg,373,640,3,224.35196045576373,221.1901265080427,217.81898877345853
857,harm-246.jpg,448,640,3,189.02145647321467,203.0893659319202,229.19087960379375
858,harm-386.jpg,446,640,3,213.84926079035813,211.70477858744493,211.31642376681688
859,safe-215.jpg,683,1024,3,136.54046514687056,149.95709416178576,190.02433399295404
860,harm-338.jpg,1390,1276,3,218.33706783789327,233.2113450305593,228.2929168264143
861,safe-228.jpg,1080,810,3,112.74422382258791,121.56100708733405,132.57250342935524
862,harm-89.jpg,447,640,3,197.70987136465385,212.31297189597382,223.26434563758457
863,safe-330.jpg,312,555,3,101.85757103257113,109.60479325479324,119.37034534534541
864,safe-185.jpg,1081,1500,3,174.42138637064454,187.82518038852882,210.56155103299372
865,safe-415.png,750,1000,3,158.1641253333333,166.7798093333331,188.273068
866,harm-269.jpg,250,640,3,220.8300312499999,220.9593250000001,222.0399499999995
867,harm-96.jpg,1390,866,3,104.78761277352261,106.6524000199377,106.15709953976751
868,harm-488.png,280,404,3,102.12530056577093,166.77432814710036,175.02521216407348
869,safe-189.jpg,425,640,3,119.07306250000013,135.97887867647069,161.21201102941185
870,safe-456.png,900,900,3,137.0229728395062,154.7601913580247,168.8689358024691
871,safe-20.jpeg,533,800,3,56.453799249530874,109.76124530956857,200.83020168855523
872,safe-255.jpg,500,500,3,211.84853199999986,219.0196160000001,226.35084400000008
873,harm-180.jpg,446,640,3,164.03105030829647,209.91098654708517,223.32661855381116
874,safe-67.jpg,800,800,3,155.62142656250006,185.99067343750008,212.68111406249972
875,harm-131.jpg,363,511,3,180.22588992576544,177.49295660752688,174.84505075663228
876,safe-424.png,600,900,3,161.76125000000002,182.2979759259261,210.7920944444444
877,harm-320.jpg,956,1300,3,146.67597521725114,159.75148535564858,171.79284760218874
878,harm-353.jpg,447,640,3,222.96333543065012,224.4006466722608,226.34790967561653
879,safe-108.jpg,1000,1000,3,187.23692499999996,191.37663200000017,195.53996600000005
880,harm-90.jpg,612,900,3,229.26676289034114,235.41481299927372,240.2699655047205
881,safe-324.jpg,956,1300,3,134.81951400064392,136.34217251367875,154.59474171226285
882,harm-62.jpg,750,750,3,3.711507555555556,3.9743484444444435,4.234275555555554
883,safe-10.jpeg,1600,1600,3,116.58826874999995,133.59819335937516,165.3378832031249
884,safe-320.jpg,866,1300,3,252.1934872979215,234.90897317463157,226.9232146029491
885,safe-306.jpg,1600,1500,3,230.23417333333362,228.18632666666662,226.56881291666664
886,harm-315.jpg,447,640,3,221.95138772371473,223.61448196308848,225.43139331655598
887,harm-229.jpg,482,640,3,229.91650998443956,230.47108402489602,231.49470954356806
888,harm-148.jpg,310,640,3,194.98288810483854,204.2565977822581,214.70471270161306
889,harm-139.jpg,448,640,3,232.74253627232164,234.4495535714284,232.7337611607142
890,safe-291.jpg,800,1199,3,150.36897310258573,135.3555671392829,149.2648874061715
891,harm-392.jpg,540,520,3,200.64444444444447,209.24804843304835,219.48547008546996
892,harm-450.jpg,482,640,3,206.81622471473025,212.46922977178414,215.83143153526981
893,harm-268.jpg,540,347,3,239.88205785035873,241.9628188707452,243.26514569324485
894,safe-482.png,450,800,3,143.63781388888896,170.71983333333304,181.61468333333337
895,harm-469.png,506,800,3,133.24178112648227,157.29387351778655,198.5255731225296
896,safe-386.jpg,908,894,3,170.23775118509093,158.71200563718978,138.03832944051885
897,safe-37.jpeg,1932,3000,3,111.86144168392,128.0314346100759,149.47222826086957
898,safe-73.jpg,450,900,3,128.36697777777775,146.11078518518522,161.90175061728368
899,harm-401.jpg,447,640,3,219.74687500000005,225.36369896532446,226.25528523489953
900,harm-270.jpg,540,347,3,240.50555555555675,242.3076849183489,243.31503362151915
901,safe-56.jpg,810,1080,3,102.22486511202568,122.6194410150891,136.92266117969837
902,harm-318.jpg,720,1280,3,99.4375900607639,127.11845052083322,147.72146375868047
903,harm-296.jpg,408,612,3,188.1054001666025,197.5350946751249,200.04969643085985
904,harm-345.jpg,446,640,3,228.77041409753411,231.841917741032,232.16116171524723
905,safe-208.jpg,683,1024,3,134.493707391563,159.16848348279655,179.82584301793563
906,harm-50.jpg,447,640,3,239.8131222035798,240.17143106823295,240.1154711968683
907,safe-104.jpg,408,612,3,101.78156638472385,136.02673250672805,157.81422609893642
908,safe-354.jpg,957,1300,3,151.48531388152085,163.35142593039131,158.29912064946592
909,safe-448.png,300,480,3,135.84134722222217,157.24446527777755,177.63363194444446
910,safe-157.jpg,640,640,3,212.8328076171877,225.63471435546884,231.96784912109374
911,harm-60.jpg,447,640,3,234.99495246085044,235.52015869686846,235.53096336689046
912,harm-160.jpg,330,330,3,174.4083287419649,188.9983011937557,200.82273645546388
913,harm-451.png,255,320,3,117.93970588235295,138.289375,162.17223039215693
914,harm-115.jpg,429,640,3,231.7754152097893,233.30151515151405,234.35338723776118
915,harm-363.jpg,742,1100,3,229.87511884342067,232.66419505023288,233.79383116883093
916,harm-484.png,500,500,3,241.60076800000007,242.51051200000018,243.8631239999999
917,harm-359.jpg,956,1300,3,189.26561071773403,185.68113292565172,197.5755568072096
918,harm-471.png,419,600,3,71.46310660302306,95.19154733492441,117.65482100238667
919,harm-342.jpg,447,640,3,225.00948685682337,223.6258459172258,223.47095917225926
920,safe-373.jpg,3168,4752,3,84.03442416855846,108.48074382025236,162.3042575906371
921,harm-84.jpg,447,640,3,217.7765485178973,226.7387653803136,231.34614093959777
922,safe-273.jpg,956,1300,3,102.99457917605422,110.30914467331833,126.13401915030575
923,safe-426.png,480,640,3,121.18612304687481,129.6879850260416,134.24169921875003
924,harm-161.jpg,447,640,3,228.9754474272933,226.52313338926177,226.20913380872472
925,safe-136.jpg,325,396,3,82.8233954933955,109.14697746697739,126.12035742035737
926,harm-247.jpg,500,640,3,215.43817187500008,232.25700937499906,237.8375562499986
927,safe-72.jpg,200,200,3,130.84034999999997,154.22615,165.28985000000003
928,safe-71.jpg,187,300,3,157.26062388591802,180.79663101604282,198.17784313725483
929,harm-119.jpg,447,640,3,231.12630033557178,228.29025097874836,238.66029082774162
930,safe-321.jpg,810,1080,3,99.11748399634202,109.90587105624155,105.43980224051195
931,harm-372.jpg,1101,1500,3,81.46555252800484,84.24114865273992,89.87666121707532
932,safe-479.png,900,1200,3,98.58606111111109,93.14920648148146,103.07012962962963
933,harm-198.jpg,540,562,3,211.4665052062743,213.92313496770822,217.7032423882964
934,safe-23.jpeg,2560,1920,3,103.3517867024739,137.87072082519552,152.34500427246118
935,safe-48.jpg,533,800,3,108.35036819887429,103.39074343339591,114.13930581613488
936,safe-183.jpg,853,853,3,198.520173609727,201.185339928451,204.95432162054084
937,safe-281.jpg,956,1300,3,143.75607257804955,149.82172513678782,163.99599050531052
938,harm-481.png,351,626,3,45.11546653559432,70.32595596333614,116.29139928820432
939,safe-272.jpg,956,1300,3,113.85272610234954,117.65220067589304,134.6590609913099
940,safe-153.jpg,300,450,3,121.74505925925929,145.5142148148149,196.36289629629633
941,harm-445.jpg,447,640,3,239.23954488255012,239.03807326621913,238.6363289988814
942,harm-376.jpg,447,640,3,204.10158347315488,213.30217421700272,227.91575083892658
943,safe-88.jpg,393,393,3,141.31269869018246,177.35018031842222,249.0678864868014
944,harm-87.jpg,447,640,3,209.4773559843407,221.01027335011258,228.86760696308792
945,harm-129.jpg,955,1300,3,157.19388240032217,155.63085380587967,152.2567168747481
946,harm-40.jpg,533,800,3,132.66869606003752,156.65268527204498,174.14816369606
947,safe-201.jpg,683,1024,3,144.14918100292817,160.5418191800879,189.81353661465974
948,safe-160.jpg,408,612,3,158.75859044598235,181.45707980904797,202.62036636550036
949,harm-18.jpg,447,640,3,212.74601160514558,212.74601160514558,212.74601160514558
950,harm-208.jpg,447,640,3,214.42592631431762,215.84589275727086,214.822231543624
951,safe-214.jpg,682,1024,3,126.82364169034102,153.5699760011911,171.62552407899557
952,harm-416.jpg,447,640,3,237.43790198545872,237.60806767337795,237.56675755033584
953,safe-418.png,1080,1080,3,106.47954218106993,122.93960733882028,145.96155864197556
954,harm-311.jpg,447,640,3,225.02035444630891,225.16200363534705,225.37652055369117
955,harm-177.jpg,447,640,3,232.33219029642115,233.5098538870252,238.4039219798662
956,harm-395.jpg,1280,1920,3,133.74432861328148,141.59164469401045,149.65835408528628
957,harm-257.jpg,447,640,3,229.56888282997798,228.0508284395978,226.75616610738294
958,safe-278.jpg,956,1300,3,84.00277116189261,106.13411087866109,117.80025828773734
959,harm-391.jpg,447,640,3,220.00522231543673,223.04110039149919,227.84408557047036
960,harm-442.jpg,380,640,3,210.91125411184234,211.14744654605278,209.93573601973685
961,safe-102.jpg,593,1007,3,103.08491319615992,122.95232529125805,140.1443989878606
962,safe-237.jpg,600,600,3,217.7280305555553,225.4204000000001,239.97472222222223
963,harm-241.jpg,540,249,3,226.889171500818,227.27350141305976,228.99299419901828
964,safe-93.jpg,1080,810,3,59.39988683127576,75.16876085962511,97.117861225423
965,harm-310.jpg,430,380,3,212.7384761321912,216.42988372093026,218.90463280293744
966,safe-423.png,220,220,3,155.58845041322323,170.15623966942144,191.1692975206612
967,safe-400.jpg,863,1300,3,113.21090204118003,123.1731669489259,142.12265888225352
968,harm-107.jpg,447,640,3,230.6214205816554,231.83409535794198,231.71242659395975
969,harm-92.jpg,447,640,3,207.92759018456414,212.55759577740528,221.9529607102914
970,safe-221.jpg,408,612,3,153.5273692810457,166.14290577342058,185.09314926951174
971,safe-297.jpg,986,1300,3,141.14932672803863,163.718587923233,185.36741067249181
972,harm-479.png,640,640,3,147.71330078125007,161.60174804687492,174.07096191406225
973,safe-267.jpg,750,1000,3,87.86750000000004,122.5026773333334,152.39187866666666
974,safe-76.jpg,540,540,3,169.31383401920402,206.004427297668,202.47440672153616
975,harm-17.jpg,447,640,3,230.84279921700218,237.9811241610741,240.30084591722598
976,safe-348.jpg,736,736,3,150.50424776996684,162.2513993088376,187.44506882088837
977,harm-399.jpg,447,640,3,220.72960011185805,227.0086339485471,228.92131222035914
978,safe-309.jpg,866,1300,3,207.02102238408253,221.16009593178174,210.0972357434714
979,safe-433.png,534,800,3,164.12324204119844,178.81533941947552,195.3253815543073
980,harm-410.jpg,447,640,3,236.01118568232658,232.52108501118568,231.40376118568224
981,harm-209.jpg,445,640,3,226.4740765449438,227.29894311797776,226.4517591292136
982,harm-10.jpeg,400,600,3,64.55486666666663,102.71771250000003,154.43977916666654
983,harm-350.jpg,465,640,3,219.09392137096856,226.56313508064628,236.88879704301138
984,safe-213.jpg,682,1024,3,123.71879438920463,151.00748888837998,169.09019170408715
